{
  "confidence_to_p": {
    "high": 0.9,
    "medium": 0.6,
    "low": 0.3,
    "speculative": 0.1
  },
  "labels": [
    "high",
    "medium",
    "low",
    "speculative"
  ],
  "per_agent": {
    "linguistic": {
      "n_top1": 107,
      "brier": 0.13598130841121492,
      "ece": 0.053271028037383594,
      "label_hit_rate": {
        "high": {
          "n": 94,
          "hits": 78,
          "rate": 0.8297872340425532
        },
        "medium": {
          "n": 215,
          "hits": 17,
          "rate": 0.07906976744186046
        },
        "low": {
          "n": 56,
          "hits": 3,
          "rate": 0.05357142857142857
        },
        "speculative": {
          "n": 0,
          "hits": 0,
          "rate": null
        }
      }
    },
    "landscape": {
      "n_top1": 500,
      "brier": 0.21839999999999998,
      "ece": 0.17520000000000008,
      "label_hit_rate": {
        "high": {
          "n": 545,
          "hits": 317,
          "rate": 0.581651376146789
        },
        "medium": {
          "n": 801,
          "hits": 78,
          "rate": 0.09737827715355805
        },
        "low": {
          "n": 409,
          "hits": 12,
          "rate": 0.029339853300733496
        },
        "speculative": {
          "n": 445,
          "hits": 1,
          "rate": 0.0022471910112359553
        }
      }
    },
    "botanics": {
      "n_top1": 500,
      "brier": 0.22066,
      "ece": 0.1074000000000001,
      "label_hit_rate": {
        "high": {
          "n": 367,
          "hits": 207,
          "rate": 0.5640326975476839
        },
        "medium": {
          "n": 834,
          "hits": 183,
          "rate": 0.21942446043165467
        },
        "low": {
          "n": 648,
          "hits": 9,
          "rate": 0.013888888888888888
        },
        "speculative": {
          "n": 326,
          "hits": 2,
          "rate": 0.006134969325153374
        }
      }
    },
    "regulatory": {
      "n_top1": 500,
      "brier": 0.19722000000000003,
      "ece": 0.03820000000000006,
      "label_hit_rate": {
        "high": {
          "n": 131,
          "hits": 115,
          "rate": 0.8778625954198473
        },
        "medium": {
          "n": 544,
          "hits": 211,
          "rate": 0.38786764705882354
        },
        "low": {
          "n": 667,
          "hits": 76,
          "rate": 0.11394302848575712
        },
        "speculative": {
          "n": 629,
          "hits": 9,
          "rate": 0.014308426073131956
        }
      }
    },
    "meta": {
      "n_top1": 500,
      "brier": 0.20864,
      "ece": 0.09760000000000013,
      "label_hit_rate": {
        "high": {
          "n": 217,
          "hits": 181,
          "rate": 0.8341013824884793
        },
        "medium": {
          "n": 668,
          "hits": 182,
          "rate": 0.27245508982035926
        },
        "low": {
          "n": 532,
          "hits": 32,
          "rate": 0.06015037593984962
        },
        "speculative": {
          "n": 322,
          "hits": 5,
          "rate": 0.015527950310559006
        }
      }
    }
  },
  "average": {
    "n_top1": 2107,
    "brier": 0.20740863787375413,
    "ece": 0.08984337921214999,
    "label_hit_rate": {
      "high": {
        "n": 1354,
        "hits": 898,
        "rate": 0.6632200886262924
      },
      "medium": {
        "n": 3062,
        "hits": 671,
        "rate": 0.21913781841933377
      },
      "low": {
        "n": 2312,
        "hits": 132,
        "rate": 0.05709342560553633
      },
      "speculative": {
        "n": 1722,
        "hits": 17,
        "rate": 0.009872241579558653
      }
    }
  }
}