{
  "confidence_to_p": {
    "high": 0.9,
    "medium": 0.6,
    "low": 0.3,
    "speculative": 0.1
  },
  "labels": [
    "high",
    "medium",
    "low",
    "speculative"
  ],
  "per_agent": {
    "linguistic": {
      "n_top1": 107,
      "brier": 0.13598130841121492,
      "ece": 0.053271028037383594,
      "label_hit_rate": {
        "high": {
          "n": 94,
          "hits": 78,
          "rate": 0.8297872340425532
        },
        "medium": {
          "n": 221,
          "hits": 17,
          "rate": 0.07692307692307693
        },
        "low": {
          "n": 50,
          "hits": 3,
          "rate": 0.06
        },
        "speculative": {
          "n": 0,
          "hits": 0,
          "rate": null
        }
      }
    },
    "landscape": {
      "n_top1": 500,
      "brier": 0.21839999999999998,
      "ece": 0.17520000000000008,
      "label_hit_rate": {
        "high": {
          "n": 545,
          "hits": 317,
          "rate": 0.581651376146789
        },
        "medium": {
          "n": 800,
          "hits": 77,
          "rate": 0.09625
        },
        "low": {
          "n": 410,
          "hits": 13,
          "rate": 0.03170731707317073
        },
        "speculative": {
          "n": 441,
          "hits": 1,
          "rate": 0.0022675736961451248
        }
      }
    },
    "botanics": {
      "n_top1": 500,
      "brier": 0.21996,
      "ece": 0.10600000000000004,
      "label_hit_rate": {
        "high": {
          "n": 371,
          "hits": 208,
          "rate": 0.5606469002695418
        },
        "medium": {
          "n": 834,
          "hits": 183,
          "rate": 0.21942446043165467
        },
        "low": {
          "n": 660,
          "hits": 10,
          "rate": 0.015151515151515152
        },
        "speculative": {
          "n": 317,
          "hits": 2,
          "rate": 0.006309148264984227
        }
      }
    },
    "regulatory": {
      "n_top1": 500,
      "brier": 0.19656,
      "ece": 0.03760000000000006,
      "label_hit_rate": {
        "high": {
          "n": 131,
          "hits": 115,
          "rate": 0.8778625954198473
        },
        "medium": {
          "n": 547,
          "hits": 212,
          "rate": 0.3875685557586837
        },
        "low": {
          "n": 664,
          "hits": 73,
          "rate": 0.10993975903614457
        },
        "speculative": {
          "n": 630,
          "hits": 9,
          "rate": 0.014285714285714285
        }
      }
    },
    "meta": {
      "n_top1": 500,
      "brier": 0.20864,
      "ece": 0.09760000000000013,
      "label_hit_rate": {
        "high": {
          "n": 217,
          "hits": 181,
          "rate": 0.8341013824884793
        },
        "medium": {
          "n": 668,
          "hits": 182,
          "rate": 0.27245508982035926
        },
        "low": {
          "n": 534,
          "hits": 32,
          "rate": 0.0599250936329588
        },
        "speculative": {
          "n": 319,
          "hits": 5,
          "rate": 0.01567398119122257
        }
      }
    }
  },
  "average": {
    "n_top1": 2107,
    "brier": 0.2070859041290935,
    "ece": 0.08898908400569533,
    "label_hit_rate": {
      "high": {
        "n": 1358,
        "hits": 899,
        "rate": 0.6620029455081001
      },
      "medium": {
        "n": 3070,
        "hits": 671,
        "rate": 0.21856677524429968
      },
      "low": {
        "n": 2318,
        "hits": 131,
        "rate": 0.05651423641069888
      },
      "speculative": {
        "n": 1707,
        "hits": 17,
        "rate": 0.00995899238429994
      }
    }
  }
}