{
  "round_1": {
    "linguistic": {
      "n": 107,
      "top1_accuracy": 0.794392523364486,
      "top3_hit_rate": 0.8598130841121495,
      "coverage": 0.9065420560747663
    },
    "landscape": {
      "n": 500,
      "top1_accuracy": 0.634,
      "top3_hit_rate": 0.8,
      "coverage": 0.82
    },
    "botanics": {
      "n": 499,
      "top1_accuracy": 0.6372745490981964,
      "top3_hit_rate": 0.7935871743486974,
      "coverage": 0.8016032064128257
    },
    "regulatory": {
      "n": 443,
      "top1_accuracy": 0.6433408577878104,
      "top3_hit_rate": 0.7765237020316027,
      "coverage": 0.7855530474040632
    },
    "meta": {
      "n": 499,
      "top1_accuracy": 0.625250501002004,
      "top3_hit_rate": 0.751503006012024,
      "coverage": 0.751503006012024
    }
  },
  "round_2": {
    "linguistic": {
      "n": 134,
      "top1_accuracy": 0.8283582089552238,
      "top3_hit_rate": 0.9104477611940298,
      "coverage": 0.917910447761194
    },
    "landscape": {
      "n": 500,
      "top1_accuracy": 0.65,
      "top3_hit_rate": 0.802,
      "coverage": 0.824
    },
    "botanics": {
      "n": 500,
      "top1_accuracy": 0.646,
      "top3_hit_rate": 0.81,
      "coverage": 0.82
    },
    "regulatory": {
      "n": 500,
      "top1_accuracy": 0.646,
      "top3_hit_rate": 0.806,
      "coverage": 0.824
    },
    "meta": {
      "n": 500,
      "top1_accuracy": 0.646,
      "top3_hit_rate": 0.79,
      "coverage": 0.798
    }
  },
  "change_metrics": {
    "linguistic": {
      "n_paired": 107,
      "change_rate": 0.102803738317757,
      "confidence_shift_rate": 0.17757009345794392
    },
    "landscape": {
      "n_paired": 500,
      "change_rate": 0.088,
      "confidence_shift_rate": 0.162
    },
    "botanics": {
      "n_paired": 499,
      "change_rate": 0.11623246492985972,
      "confidence_shift_rate": 0.4028056112224449
    },
    "regulatory": {
      "n_paired": 443,
      "change_rate": 0.15575620767494355,
      "confidence_shift_rate": 0.5237020316027088
    },
    "meta": {
      "n_paired": 499,
      "change_rate": 0.09418837675350701,
      "confidence_shift_rate": 0.30861723446893785
    }
  },
  "n_total": 500
}