{
  "n_total": 500,
  "n_path_a": 413,
  "n_path_b": 87,
  "initial_round": {
    "linguistic": {
      "n": 500,
      "top1_accuracy": 0.168,
      "top3_hit_rate": 0.182,
      "coverage": 0.212,
      "correct": 84,
      "rate": 0.168,
      "ci_low": 0.13778823297684417,
      "ci_high": 0.20327432908962656
    },
    "landscape": {
      "n": 500,
      "top1_accuracy": 0.632,
      "top3_hit_rate": 0.794,
      "coverage": 1.0,
      "correct": 316,
      "rate": 0.632,
      "ci_low": 0.588871722496907,
      "ci_high": 0.6731154516212433
    },
    "botanics": {
      "n": 500,
      "top1_accuracy": 0.628,
      "top3_hit_rate": 0.77,
      "coverage": 0.992,
      "correct": 314,
      "rate": 0.628,
      "ci_low": 0.5848089173303663,
      "ci_high": 0.6692392515114762
    },
    "regulatory": {
      "n": 500,
      "top1_accuracy": 0.558,
      "top3_hit_rate": 0.684,
      "coverage": 0.88,
      "correct": 279,
      "rate": 0.558,
      "ci_low": 0.5141915296492833,
      "ci_high": 0.6009240468571767
    },
    "meta": {
      "n": 500,
      "top1_accuracy": 0.622,
      "top3_hit_rate": 0.73,
      "coverage": 0.928,
      "correct": 311,
      "rate": 0.622,
      "ci_low": 0.5787204544668169,
      "ci_high": 0.6634192064605645
    }
  },
  "debate_participation": {
    "linguistic": {
      "n_debated": 13,
      "n_revised": 9,
      "n_won": 4,
      "n_correct_side": 2,
      "n_wrong_side": 11,
      "revision_rate": 0.6923076923076923,
      "win_rate": 0.3076923076923077
    },
    "landscape": {
      "n_debated": 66,
      "n_revised": 44,
      "n_won": 15,
      "n_correct_side": 17,
      "n_wrong_side": 49,
      "revision_rate": 0.6666666666666666,
      "win_rate": 0.22727272727272727
    },
    "botanics": {
      "n_debated": 66,
      "n_revised": 35,
      "n_won": 16,
      "n_correct_side": 17,
      "n_wrong_side": 49,
      "revision_rate": 0.5303030303030303,
      "win_rate": 0.24242424242424243
    },
    "regulatory": {
      "n_debated": 118,
      "n_revised": 19,
      "n_won": 80,
      "n_correct_side": 39,
      "n_wrong_side": 79,
      "revision_rate": 0.16101694915254236,
      "win_rate": 0.6779661016949152
    },
    "meta": {
      "n_debated": 39,
      "n_revised": 20,
      "n_won": 12,
      "n_correct_side": 14,
      "n_wrong_side": 25,
      "revision_rate": 0.5128205128205128,
      "win_rate": 0.3076923076923077
    }
  },
  "debate_overall": {
    "n_total": 500,
    "n_no_debate": 413,
    "n_debate_1plus": 87,
    "debate_rate": 0.174,
    "rounds_distribution": {
      "0": 413,
      "1": 66,
      "2": 16,
      "3": 5
    },
    "termination_reasons": {
      "consensus": 442,
      "weak_dissent": 24,
      "stalemate": 15,
      "All agents with confidence >= 'medium' agree on the same top country.": 7,
      "max_rounds_reached": 5,
      "Only one agent disagrees and has 'low' confidence.": 3,
      "All agents have low or speculative confidence; no strong evidence exists to drive a debate.": 1,
      "Only one agent disagrees (or in this case, is the sole provider of a specific lead) and all other agents have low or speculative confidence.": 1,
      "Only one agent (or a group of agents) disagrees and has 'low' or 'speculative' confidence.": 1
    },
    "n_total_pairings": 151,
    "mean_exchanges_per_pairing": 3.3112582781456954,
    "revision_rate_pairings": 0.8410596026490066
  }
}