{
  "initial_round": {
    "linguistic": {
      "n": 107,
      "top1_accuracy": 0.794392523364486,
      "top1_accuracy_ci_low": 0.7082618767014007,
      "top1_accuracy_ci_high": 0.8601167825745389,
      "top3_hit_rate": 0.8598130841121495,
      "coverage": 0.9065420560747663,
      "n_questioned": 35,
      "discussion_rate": 0.07,
      "n_questionable": 35,
      "n_changed_top1_when_questioned": 4,
      "response_update_rate": 0.11428571428571428
    },
    "landscape": {
      "n": 500,
      "top1_accuracy": 0.634,
      "top1_accuracy_ci_low": 0.5909034766847505,
      "top1_accuracy_ci_high": 0.6750531255489673,
      "top3_hit_rate": 0.8,
      "coverage": 0.822,
      "n_questioned": 177,
      "discussion_rate": 0.354,
      "n_questionable": 177,
      "n_changed_top1_when_questioned": 22,
      "response_update_rate": 0.12429378531073447
    },
    "botanics": {
      "n": 499,
      "top1_accuracy": 0.6352705410821643,
      "top1_accuracy_ci_low": 0.5921512419778311,
      "top1_accuracy_ci_high": 0.6763229654067607,
      "top3_hit_rate": 0.7895791583166333,
      "coverage": 0.7975951903807615,
      "n_questioned": 80,
      "discussion_rate": 0.16,
      "n_questionable": 80,
      "n_changed_top1_when_questioned": 15,
      "response_update_rate": 0.1875
    },
    "regulatory": {
      "n": 443,
      "top1_accuracy": 0.6433408577878104,
      "top1_accuracy_ci_low": 0.5976767523522982,
      "top1_accuracy_ci_high": 0.6865402945833495,
      "top3_hit_rate": 0.7742663656884876,
      "coverage": 0.7832957110609481,
      "n_questioned": 320,
      "discussion_rate": 0.64,
      "n_questionable": 320,
      "n_changed_top1_when_questioned": 30,
      "response_update_rate": 0.09375
    },
    "meta": {
      "n": 499,
      "top1_accuracy": 0.627254509018036,
      "top1_accuracy_ci_low": 0.5840073297300338,
      "top1_accuracy_ci_high": 0.6685572949947304,
      "top3_hit_rate": 0.751503006012024,
      "coverage": 0.751503006012024,
      "n_questioned": 374,
      "discussion_rate": 0.748,
      "n_questionable": 374,
      "n_changed_top1_when_questioned": 41,
      "response_update_rate": 0.10962566844919786
    }
  },
  "n_images": 500,
  "n_with_discussion": 389,
  "mean_discussion_rounds": 1.31,
  "total_discussion_entries": 3312
}